{"contrladorLista.DynamicList":{"header":{"info":{"@class":"modelo.Compra","persona":{"nombre":"Isaac","apellido":"Ramon","dni":" 202300923"},"boleto":{"precio":3.75,"fecha_Salida":"2023-02-12","destino":"Loja","origen":"Saraguro"},"fecha_Venta":"0343-02-12"},"next":{"info":{"@class":"modelo.Compra","persona":{"nombre":"Leonardo ","apellido":"Orozco","dni":" 11023020"},"boleto":{"precio":3.75,"fecha_Salida":"2023-03-15","destino":"Bolivia","origen":"Peru"},"fecha_Venta":"2023-05-12"},"next":{"info":{"@class":"modelo.Compra","persona":{"nombre":"Mateo","apellido":"Rojas","dni":"01293102"},"boleto":{"precio":4.5,"fecha_Salida":"2023-08-04","destino":"España","origen":"Dubai"},"fecha_Venta":"2023-08-12"},"next":{"info":{"@class":"modelo.Compra","persona":{"nombre":"Joseph","apellido":"Balcazar","dni":1105991317},"boleto":{"precio":6.5,"fecha_Salida":"2023-03-02","destino":"Cuenca","origen":"Loja"},"fecha_Venta":"2023-02-27"}}}}},"last":{"@reference":"..\/header\/next\/next\/next"},"length":4}}